{
   "delay": 0.05817389488220215, 
   "rotation": {
      "i": 0.0010782608267990662, 
      "j": -0.004337142666146559, 
      "k": -0.005337361833090529, 
      "w": 0.9999757692643085
   }, 
   "translation": {
      "x": 0.005229820487978955, 
      "y": -0.013473645058425413, 
      "z": -0.09114138679038754
   }
}